{"water_level":3.6000000000000005,"flood_threshold":2.99,"rain_1h":0.0,"rain_24h":13.000000000000002}
