{"water_level":1.35,"flood_threshold":18.74,"rain_1h":0.0,"rain_24h":0.5}
{"water_level":6.53,"flood_threshold":39.71,"rain_1h":0.0,"rain_24h":0.30000000000000004}
{"water_level":3.6000000000000005,"flood_threshold":2.99,"rain_1h":0.0,"rain_24h":13.000000000000002}
{"water_level":0.06,"flood_threshold":0.24,"rain_1h":0.0,"rain_24h":0.0}
