{"water_level":6.48,"flood_threshold":39.71,"rain_1h":0.0,"rain_24h":0.30000000000000004}
{"water_level":3.6000000000000005,"flood_threshold":2.99,"rain_1h":0.0,"rain_24h":13.000000000000002}
